질문,답변
천연 비료는 어떤 국가에 수출되었나요?,"천연 비료(HS코드: 310100)은 베트남(18,583,561달러), 일본(3,069,529달러), 중국(351,771달러), 독일(25,560달러), 대만(14,000달러), 인도(7,070달러), 태국(1,008달러), 호주(132달러) 순으로 수출되었습니다."
천연 성분 세제는 어떤 국가에 수출되었나요?,"천연 성분 세제(HS코드: 340290)은 중국(67,642,350달러), 대만(61,798,946달러), 베트남(21,130,645달러), 일본(4,903,119달러), 미국(2,949,693달러), 인도(2,601,270달러), 태국(2,219,033달러), 호주(816,574달러), 독일(378,457달러), 프랑스(16,461달러) 순으로 수출되었습니다."
실리콘 식기/빨대는 어떤 국가에 수출되었나요?,"실리콘 식기/빨대(HS코드: 392490)은 미국(22,236,298달러), 베트남(7,365,589달러), 대만(3,837,307달러), 중국(3,094,229달러), 일본(2,823,285달러), 호주(1,379,348달러), 태국(340,433달러), 인도(255,233달러), 독일(224,802달러), 프랑스(205,720달러) 순으로 수출되었습니다."
천연 고무 라텍스는 어떤 국가에 수출되었나요?,"천연 고무 라텍스(HS코드: 400110)은 베트남(18,866달러), 미국(1,721달러), 인도(1,473달러), 일본(1,386달러) 순으로 수출되었습니다."
"종이 빨대, 포장재는 어떤 국가에 수출되었나요?","종이 빨대, 포장재(HS코드: 482390)은 중국(11,390,507달러), 미국(9,260,153달러), 프랑스(2,409,259달러), 일본(1,978,715달러), 베트남(1,790,895달러), 호주(621,817달러), 인도(551,781달러), 대만(239,983달러), 태국(115,232달러), 독일(45,493달러) 순으로 수출되었습니다."
유기농 면화는 어떤 국가에 수출되었나요?,"유기농 면화(HS코드: 520100)은 일본(661,509달러), 베트남(471,619달러), 대만(1,307달러), 미국(514달러), 호주(179달러), 인도(97달러), 프랑스(4달러) 순으로 수출되었습니다."
"슬래그 울, 단열재는 어떤 국가에 수출되었나요?","슬래그 울, 단열재(HS코드: 680610)은 베트남(5,680,095달러), 미국(5,658,677달러), 일본(3,677,760달러), 인도(2,288,653달러), 대만(1,506,039달러), 중국(796,717달러), 태국(236,069달러), 호주(55,167달러), 프랑스(259달러) 순으로 수출되었습니다."
금속 빨대는 어떤 국가에 수출되었나요?,"금속 빨대(HS코드: 821599)은 미국(2,157,839달러), 중국(177,779달러), 태국(118,481달러), 프랑스(112,006달러), 호주(103,779달러), 대만(85,915달러), 베트남(57,980달러), 일본(27,008달러), 독일(3,499달러), 인도(3,333달러) 순으로 수출되었습니다."
태양열 집열기는 어떤 국가에 수출되었나요?,"태양열 집열기(HS코드: 841919)은 미국(1,155,993달러), 일본(619,256달러), 베트남(607,429달러), 중국(156,694달러), 대만(49,254달러), 독일(30,546달러), 호주(3,381달러), 태국(1,395달러), 인도(713달러), 프랑스(588달러) 순으로 수출되었습니다."
풍력 터빈용 발전기는 어떤 국가에 수출되었나요?,"풍력 터빈용 발전기(HS코드: 850231)은 미국(582,642달러), 태국(54,000달러), 일본(9,056달러), 호주(1,685달러) 순으로 수출되었습니다."
전력 변환장치 (인버터)은 어떤 국가에 수출되었나요?,"전력 변환장치 (인버터)(HS코드: 850440)은 미국(259,634,187달러), 중국(96,121,155달러), 베트남(46,640,712달러), 일본(33,507,523달러), 대만(28,023,486달러), 독일(24,776,976달러), 인도(22,721,403달러), 태국(5,206,030달러), 프랑스(3,892,147달러), 호주(2,833,375달러) 순으로 수출되었습니다."
전기차용 리튬이온 배터리는 어떤 국가에 수출되었나요?,"전기차용 리튬이온 배터리(HS코드: 850760)은 미국(3,154,024,638달러), 중국(358,349,600달러), 일본(221,314,395달러), 인도(184,756,004달러), 베트남(171,621,676달러), 독일(92,902,816달러), 대만(72,545,727달러), 프랑스(53,918,215달러), 호주(23,884,721달러), 태국(10,157,871달러) 순으로 수출되었습니다."
전기자동차는 어떤 국가에 수출되었나요?,"전기자동차(HS코드: 870380)은 미국(1,519,692,514달러), 독일(834,581,644달러), 프랑스(215,291,279달러), 호주(145,828,508달러), 인도(29,689,493달러), 대만(17,252,810달러), 태국(15,731,450달러), 일본(10,016,211달러), 중국(7,513,050달러) 순으로 수출되었습니다."
전기 이륜차는 어떤 국가에 수출되었나요?,"전기 이륜차(HS코드: 871160)은 태국(362,028달러), 미국(261,877달러), 호주(174,337달러), 중국(85,945달러), 베트남(48,326달러), 프랑스(35,375달러), 일본(24,531달러) 순으로 수출되었습니다."
2024.06에 대만에서 가장 많이 거래된 품목은 무엇인가요?,"2024.06에 대만에서 가장 많이 거래된 품목은 전기차용 리튬이온 배터리이며, 총 거래액은 14,879,327.0달러입니다."
2024.06에 대만에서 가장 적게 거래된 품목은 무엇인가요?,"2024.06에 대만에서 가장 적게 거래된 품목은 금속 빨대이며, 총 거래액은 28,648.0달러입니다."
2024.06에 독일에서 가장 많이 거래된 품목은 무엇인가요?,"2024.06에 독일에서 가장 많이 거래된 품목은 전기자동차이며, 총 거래액은 79,800,960.0달러입니다."
2024.06에 독일에서 가장 적게 거래된 품목은 무엇인가요?,"2024.06에 독일에서 가장 적게 거래된 품목은 금속 빨대이며, 총 거래액은 17,665.0달러입니다."
2024.06에 미국에서 가장 많이 거래된 품목은 무엇인가요?,"2024.06에 미국에서 가장 많이 거래된 품목은 전기차용 리튬이온 배터리이며, 총 거래액은 336,200,217.0달러입니다."
2024.06에 미국에서 가장 적게 거래된 품목은 무엇인가요?,"2024.06에 미국에서 가장 적게 거래된 품목은 천연 고무 라텍스이며, 총 거래액은 753.0달러입니다."
2024.06에 베트남에서 가장 많이 거래된 품목은 무엇인가요?,"2024.06에 베트남에서 가장 많이 거래된 품목은 전력 변환장치 (인버터)이며, 총 거래액은 18,831,445.0달러입니다."
2024.06에 베트남에서 가장 적게 거래된 품목은 무엇인가요?,"2024.06에 베트남에서 가장 적게 거래된 품목은 태양열 집열기이며, 총 거래액은 2,006.0달러입니다."
2024.06에 인도에서 가장 많이 거래된 품목은 무엇인가요?,"2024.06에 인도에서 가장 많이 거래된 품목은 전기차용 리튬이온 배터리이며, 총 거래액은 16,959,840.0달러입니다."
2024.06에 인도에서 가장 적게 거래된 품목은 무엇인가요?,"2024.06에 인도에서 가장 적게 거래된 품목은 천연 비료이며, 총 거래액은 723.0달러입니다."
2024.06에 일본에서 가장 많이 거래된 품목은 무엇인가요?,"2024.06에 일본에서 가장 많이 거래된 품목은 전기차용 리튬이온 배터리이며, 총 거래액은 20,895,561.0달러입니다."
2024.06에 일본에서 가장 적게 거래된 품목은 무엇인가요?,"2024.06에 일본에서 가장 적게 거래된 품목은 전기 이륜차이며, 총 거래액은 6,655.0달러입니다."
2024.06에 중국에서 가장 많이 거래된 품목은 무엇인가요?,"2024.06에 중국에서 가장 많이 거래된 품목은 전기차용 리튬이온 배터리이며, 총 거래액은 370,496,103.0달러입니다."
2024.06에 중국에서 가장 적게 거래된 품목은 무엇인가요?,"2024.06에 중국에서 가장 적게 거래된 품목은 천연 고무 라텍스이며, 총 거래액은 1,879.0달러입니다."
2024.06에 태국에서 가장 많이 거래된 품목은 무엇인가요?,"2024.06에 태국에서 가장 많이 거래된 품목은 천연 고무 라텍스이며, 총 거래액은 1,745,154.0달러입니다."
2024.06에 태국에서 가장 적게 거래된 품목은 무엇인가요?,"2024.06에 태국에서 가장 적게 거래된 품목은 금속 빨대이며, 총 거래액은 3,965.0달러입니다."
2024.06에 프랑스에서 가장 많이 거래된 품목은 무엇인가요?,"2024.06에 프랑스에서 가장 많이 거래된 품목은 전력 변환장치 (인버터)이며, 총 거래액은 9,856,205.0달러입니다."
2024.06에 프랑스에서 가장 적게 거래된 품목은 무엇인가요?,"2024.06에 프랑스에서 가장 적게 거래된 품목은 슬래그 울, 단열재이며, 총 거래액은 21,801.0달러입니다."
2024.06에 호주에서 가장 많이 거래된 품목은 무엇인가요?,"2024.06에 호주에서 가장 많이 거래된 품목은 전기자동차이며, 총 거래액은 7,140,352.0달러입니다."
2024.06에 호주에서 가장 적게 거래된 품목은 무엇인가요?,"2024.06에 호주에서 가장 적게 거래된 품목은 전기 이륜차이며, 총 거래액은 929.0달러입니다."
2024.07에 대만에서 가장 많이 거래된 품목은 무엇인가요?,"2024.07에 대만에서 가장 많이 거래된 품목은 천연 성분 세제이며, 총 거래액은 6,902,795.0달러입니다."
2024.07에 대만에서 가장 적게 거래된 품목은 무엇인가요?,"2024.07에 대만에서 가장 적게 거래된 품목은 금속 빨대이며, 총 거래액은 10,974.0달러입니다."
2024.07에 독일에서 가장 많이 거래된 품목은 무엇인가요?,"2024.07에 독일에서 가장 많이 거래된 품목은 전기자동차이며, 총 거래액은 52,358,667.0달러입니다."
2024.07에 독일에서 가장 적게 거래된 품목은 무엇인가요?,"2024.07에 독일에서 가장 적게 거래된 품목은 태양열 집열기이며, 총 거래액은 7,463.0달러입니다."
2024.07에 미국에서 가장 많이 거래된 품목은 무엇인가요?,"2024.07에 미국에서 가장 많이 거래된 품목은 전기차용 리튬이온 배터리이며, 총 거래액은 324,510,600.0달러입니다."
2024.07에 미국에서 가장 적게 거래된 품목은 무엇인가요?,"2024.07에 미국에서 가장 적게 거래된 품목은 천연 비료이며, 총 거래액은 1,679.0달러입니다."
2024.07에 베트남에서 가장 많이 거래된 품목은 무엇인가요?,"2024.07에 베트남에서 가장 많이 거래된 품목은 전력 변환장치 (인버터)이며, 총 거래액은 19,546,152.0달러입니다."
2024.07에 베트남에서 가장 적게 거래된 품목은 무엇인가요?,"2024.07에 베트남에서 가장 적게 거래된 품목은 유기농 면화이며, 총 거래액은 334.0달러입니다."
2024.07에 인도에서 가장 많이 거래된 품목은 무엇인가요?,"2024.07에 인도에서 가장 많이 거래된 품목은 전기차용 리튬이온 배터리이며, 총 거래액은 22,955,984.0달러입니다."
2024.07에 인도에서 가장 적게 거래된 품목은 무엇인가요?,"2024.07에 인도에서 가장 적게 거래된 품목은 천연 비료이며, 총 거래액은 1.0달러입니다."
2024.07에 일본에서 가장 많이 거래된 품목은 무엇인가요?,"2024.07에 일본에서 가장 많이 거래된 품목은 전기차용 리튬이온 배터리이며, 총 거래액은 23,795,106.0달러입니다."
2024.07에 일본에서 가장 적게 거래된 품목은 무엇인가요?,"2024.07에 일본에서 가장 적게 거래된 품목은 전기 이륜차이며, 총 거래액은 2,401.0달러입니다."
2024.07에 중국에서 가장 많이 거래된 품목은 무엇인가요?,"2024.07에 중국에서 가장 많이 거래된 품목은 전기차용 리튬이온 배터리이며, 총 거래액은 261,908,117.0달러입니다."
2024.07에 중국에서 가장 적게 거래된 품목은 무엇인가요?,"2024.07에 중국에서 가장 적게 거래된 품목은 천연 고무 라텍스이며, 총 거래액은 8.0달러입니다."
2024.07에 태국에서 가장 많이 거래된 품목은 무엇인가요?,"2024.07에 태국에서 가장 많이 거래된 품목은 전력 변환장치 (인버터)이며, 총 거래액은 2,101,581.0달러입니다."
2024.07에 태국에서 가장 적게 거래된 품목은 무엇인가요?,"2024.07에 태국에서 가장 적게 거래된 품목은 종이 빨대, 포장재이며, 총 거래액은 12,092.0달러입니다."
2024.07에 프랑스에서 가장 많이 거래된 품목은 무엇인가요?,"2024.07에 프랑스에서 가장 많이 거래된 품목은 전기자동차이며, 총 거래액은 5,683,238.0달러입니다."
2024.07에 프랑스에서 가장 적게 거래된 품목은 무엇인가요?,"2024.07에 프랑스에서 가장 적게 거래된 품목은 천연 고무 라텍스이며, 총 거래액은 238.0달러입니다."
2024.07에 호주에서 가장 많이 거래된 품목은 무엇인가요?,"2024.07에 호주에서 가장 많이 거래된 품목은 전기차용 리튬이온 배터리이며, 총 거래액은 6,285,765.0달러입니다."
2024.07에 호주에서 가장 적게 거래된 품목은 무엇인가요?,"2024.07에 호주에서 가장 적게 거래된 품목은 금속 빨대이며, 총 거래액은 4,498.0달러입니다."
2024.08에 대만에서 가장 많이 거래된 품목은 무엇인가요?,"2024.08에 대만에서 가장 많이 거래된 품목은 전력 변환장치 (인버터)이며, 총 거래액은 4,524,665.0달러입니다."
2024.08에 대만에서 가장 적게 거래된 품목은 무엇인가요?,"2024.08에 대만에서 가장 적게 거래된 품목은 금속 빨대이며, 총 거래액은 1,477.0달러입니다."
2024.08에 독일에서 가장 많이 거래된 품목은 무엇인가요?,"2024.08에 독일에서 가장 많이 거래된 품목은 전기자동차이며, 총 거래액은 48,845,984.0달러입니다."
2024.08에 독일에서 가장 적게 거래된 품목은 무엇인가요?,"2024.08에 독일에서 가장 적게 거래된 품목은 천연 비료이며, 총 거래액은 33.0달러입니다."
2024.08에 미국에서 가장 많이 거래된 품목은 무엇인가요?,"2024.08에 미국에서 가장 많이 거래된 품목은 전기차용 리튬이온 배터리이며, 총 거래액은 323,828,972.0달러입니다."
2024.08에 미국에서 가장 적게 거래된 품목은 무엇인가요?,"2024.08에 미국에서 가장 적게 거래된 품목은 전기 이륜차이며, 총 거래액은 589.0달러입니다."
2024.08에 베트남에서 가장 많이 거래된 품목은 무엇인가요?,"2024.08에 베트남에서 가장 많이 거래된 품목은 전력 변환장치 (인버터)이며, 총 거래액은 18,869,420.0달러입니다."
2024.08에 베트남에서 가장 적게 거래된 품목은 무엇인가요?,"2024.08에 베트남에서 가장 적게 거래된 품목은 유기농 면화이며, 총 거래액은 1,859.0달러입니다."
2024.08에 인도에서 가장 많이 거래된 품목은 무엇인가요?,"2024.08에 인도에서 가장 많이 거래된 품목은 전기차용 리튬이온 배터리이며, 총 거래액은 21,058,094.0달러입니다."
2024.08에 인도에서 가장 적게 거래된 품목은 무엇인가요?,"2024.08에 인도에서 가장 적게 거래된 품목은 금속 빨대이며, 총 거래액은 39,087.0달러입니다."
2024.08에 일본에서 가장 많이 거래된 품목은 무엇인가요?,"2024.08에 일본에서 가장 많이 거래된 품목은 전기차용 리튬이온 배터리이며, 총 거래액은 17,769,708.0달러입니다."
2024.08에 일본에서 가장 적게 거래된 품목은 무엇인가요?,"2024.08에 일본에서 가장 적게 거래된 품목은 전기 이륜차이며, 총 거래액은 3,737.0달러입니다."
2024.08에 중국에서 가장 많이 거래된 품목은 무엇인가요?,"2024.08에 중국에서 가장 많이 거래된 품목은 전기차용 리튬이온 배터리이며, 총 거래액은 365,935,179.0달러입니다."
2024.08에 중국에서 가장 적게 거래된 품목은 무엇인가요?,"2024.08에 중국에서 가장 적게 거래된 품목은 천연 고무 라텍스이며, 총 거래액은 4,920.0달러입니다."
2024.08에 태국에서 가장 많이 거래된 품목은 무엇인가요?,"2024.08에 태국에서 가장 많이 거래된 품목은 전기자동차이며, 총 거래액은 3,121,970.0달러입니다."
2024.08에 태국에서 가장 적게 거래된 품목은 무엇인가요?,"2024.08에 태국에서 가장 적게 거래된 품목은 슬래그 울, 단열재이며, 총 거래액은 952.0달러입니다."
2024.08에 프랑스에서 가장 많이 거래된 품목은 무엇인가요?,"2024.08에 프랑스에서 가장 많이 거래된 품목은 전기자동차이며, 총 거래액은 6,379,465.0달러입니다."
2024.08에 프랑스에서 가장 적게 거래된 품목은 무엇인가요?,"2024.08에 프랑스에서 가장 적게 거래된 품목은 천연 고무 라텍스이며, 총 거래액은 729.0달러입니다."
2024.08에 호주에서 가장 많이 거래된 품목은 무엇인가요?,"2024.08에 호주에서 가장 많이 거래된 품목은 전기차용 리튬이온 배터리이며, 총 거래액은 2,328,168.0달러입니다."
2024.08에 호주에서 가장 적게 거래된 품목은 무엇인가요?,"2024.08에 호주에서 가장 적게 거래된 품목은 풍력 터빈용 발전기이며, 총 거래액은 1,685.0달러입니다."
2024.09에 대만에서 가장 많이 거래된 품목은 무엇인가요?,"2024.09에 대만에서 가장 많이 거래된 품목은 천연 성분 세제이며, 총 거래액은 4,387,979.0달러입니다."
2024.09에 대만에서 가장 적게 거래된 품목은 무엇인가요?,"2024.09에 대만에서 가장 적게 거래된 품목은 금속 빨대이며, 총 거래액은 3,010.0달러입니다."
2024.09에 독일에서 가장 많이 거래된 품목은 무엇인가요?,"2024.09에 독일에서 가장 많이 거래된 품목은 전기자동차이며, 총 거래액은 78,335,140.0달러입니다."
2024.09에 독일에서 가장 적게 거래된 품목은 무엇인가요?,"2024.09에 독일에서 가장 적게 거래된 품목은 천연 비료이며, 총 거래액은 37.0달러입니다."
2024.09에 미국에서 가장 많이 거래된 품목은 무엇인가요?,"2024.09에 미국에서 가장 많이 거래된 품목은 전기차용 리튬이온 배터리이며, 총 거래액은 329,243,235.0달러입니다."
2024.09에 미국에서 가장 적게 거래된 품목은 무엇인가요?,"2024.09에 미국에서 가장 적게 거래된 품목은 전기 이륜차이며, 총 거래액은 238.0달러입니다."
2024.09에 베트남에서 가장 많이 거래된 품목은 무엇인가요?,"2024.09에 베트남에서 가장 많이 거래된 품목은 전력 변환장치 (인버터)이며, 총 거래액은 22,128,263.0달러입니다."
2024.09에 베트남에서 가장 적게 거래된 품목은 무엇인가요?,"2024.09에 베트남에서 가장 적게 거래된 품목은 전기 이륜차이며, 총 거래액은 6,025.0달러입니다."
2024.09에 인도에서 가장 많이 거래된 품목은 무엇인가요?,"2024.09에 인도에서 가장 많이 거래된 품목은 전기차용 리튬이온 배터리이며, 총 거래액은 14,951,491.0달러입니다."
2024.09에 인도에서 가장 적게 거래된 품목은 무엇인가요?,"2024.09에 인도에서 가장 적게 거래된 품목은 태양열 집열기이며, 총 거래액은 441.0달러입니다."
2024.09에 일본에서 가장 많이 거래된 품목은 무엇인가요?,"2024.09에 일본에서 가장 많이 거래된 품목은 전기차용 리튬이온 배터리이며, 총 거래액은 20,665,478.0달러입니다."
2024.09에 일본에서 가장 적게 거래된 품목은 무엇인가요?,"2024.09에 일본에서 가장 적게 거래된 품목은 천연 고무 라텍스이며, 총 거래액은 30.0달러입니다."
2024.09에 중국에서 가장 많이 거래된 품목은 무엇인가요?,"2024.09에 중국에서 가장 많이 거래된 품목은 전기차용 리튬이온 배터리이며, 총 거래액은 301,130,142.0달러입니다."
2024.09에 중국에서 가장 적게 거래된 품목은 무엇인가요?,"2024.09에 중국에서 가장 적게 거래된 품목은 풍력 터빈용 발전기이며, 총 거래액은 4,037.0달러입니다."
2024.09에 태국에서 가장 많이 거래된 품목은 무엇인가요?,"2024.09에 태국에서 가장 많이 거래된 품목은 천연 고무 라텍스이며, 총 거래액은 1,475,527.0달러입니다."
2024.09에 태국에서 가장 적게 거래된 품목은 무엇인가요?,"2024.09에 태국에서 가장 적게 거래된 품목은 전기 이륜차이며, 총 거래액은 450.0달러입니다."
2024.09에 프랑스에서 가장 많이 거래된 품목은 무엇인가요?,"2024.09에 프랑스에서 가장 많이 거래된 품목은 전기자동차이며, 총 거래액은 11,027,068.0달러입니다."
2024.09에 프랑스에서 가장 적게 거래된 품목은 무엇인가요?,"2024.09에 프랑스에서 가장 적게 거래된 품목은 유기농 면화이며, 총 거래액은 2,583.0달러입니다."
2024.09에 호주에서 가장 많이 거래된 품목은 무엇인가요?,"2024.09에 호주에서 가장 많이 거래된 품목은 전기자동차이며, 총 거래액은 5,356,687.0달러입니다."
2024.09에 호주에서 가장 적게 거래된 품목은 무엇인가요?,"2024.09에 호주에서 가장 적게 거래된 품목은 금속 빨대이며, 총 거래액은 5,321.0달러입니다."
2024.10에 대만에서 가장 많이 거래된 품목은 무엇인가요?,"2024.10에 대만에서 가장 많이 거래된 품목은 천연 성분 세제이며, 총 거래액은 6,291,532.0달러입니다."
2024.10에 대만에서 가장 적게 거래된 품목은 무엇인가요?,"2024.10에 대만에서 가장 적게 거래된 품목은 유기농 면화이며, 총 거래액은 1,119.0달러입니다."
2024.10에 독일에서 가장 많이 거래된 품목은 무엇인가요?,"2024.10에 독일에서 가장 많이 거래된 품목은 전기자동차이며, 총 거래액은 108,537,513.0달러입니다."
2024.10에 독일에서 가장 적게 거래된 품목은 무엇인가요?,"2024.10에 독일에서 가장 적게 거래된 품목은 천연 비료이며, 총 거래액은 158.0달러입니다."
2024.10에 미국에서 가장 많이 거래된 품목은 무엇인가요?,"2024.10에 미국에서 가장 많이 거래된 품목은 전기차용 리튬이온 배터리이며, 총 거래액은 232,448,977.0달러입니다."
2024.10에 미국에서 가장 적게 거래된 품목은 무엇인가요?,"2024.10에 미국에서 가장 적게 거래된 품목은 천연 고무 라텍스이며, 총 거래액은 165.0달러입니다."
2024.10에 베트남에서 가장 많이 거래된 품목은 무엇인가요?,"2024.10에 베트남에서 가장 많이 거래된 품목은 전력 변환장치 (인버터)이며, 총 거래액은 25,972,989.0달러입니다."
2024.10에 베트남에서 가장 적게 거래된 품목은 무엇인가요?,"2024.10에 베트남에서 가장 적게 거래된 품목은 태양열 집열기이며, 총 거래액은 28,109.0달러입니다."
2024.10에 인도에서 가장 많이 거래된 품목은 무엇인가요?,"2024.10에 인도에서 가장 많이 거래된 품목은 전기차용 리튬이온 배터리이며, 총 거래액은 17,972,939.0달러입니다."
2024.10에 인도에서 가장 적게 거래된 품목은 무엇인가요?,"2024.10에 인도에서 가장 적게 거래된 품목은 천연 비료이며, 총 거래액은 34.0달러입니다."
2024.10에 일본에서 가장 많이 거래된 품목은 무엇인가요?,"2024.10에 일본에서 가장 많이 거래된 품목은 전기차용 리튬이온 배터리이며, 총 거래액은 16,191,368.0달러입니다."
2024.10에 일본에서 가장 적게 거래된 품목은 무엇인가요?,"2024.10에 일본에서 가장 적게 거래된 품목은 전기 이륜차이며, 총 거래액은 17,930.0달러입니다."
2024.10에 중국에서 가장 많이 거래된 품목은 무엇인가요?,"2024.10에 중국에서 가장 많이 거래된 품목은 전기차용 리튬이온 배터리이며, 총 거래액은 367,528,518.0달러입니다."
2024.10에 중국에서 가장 적게 거래된 품목은 무엇인가요?,"2024.10에 중국에서 가장 적게 거래된 품목은 태양열 집열기이며, 총 거래액은 477.0달러입니다."
2024.10에 태국에서 가장 많이 거래된 품목은 무엇인가요?,"2024.10에 태국에서 가장 많이 거래된 품목은 천연 고무 라텍스이며, 총 거래액은 1,991,563.0달러입니다."
2024.10에 태국에서 가장 적게 거래된 품목은 무엇인가요?,"2024.10에 태국에서 가장 적게 거래된 품목은 슬래그 울, 단열재이며, 총 거래액은 1,888.0달러입니다."
2024.10에 프랑스에서 가장 많이 거래된 품목은 무엇인가요?,"2024.10에 프랑스에서 가장 많이 거래된 품목은 전기자동차이며, 총 거래액은 14,523,459.0달러입니다."
2024.10에 프랑스에서 가장 적게 거래된 품목은 무엇인가요?,"2024.10에 프랑스에서 가장 적게 거래된 품목은 천연 고무 라텍스이며, 총 거래액은 82.0달러입니다."
2024.10에 호주에서 가장 많이 거래된 품목은 무엇인가요?,"2024.10에 호주에서 가장 많이 거래된 품목은 전기자동차이며, 총 거래액은 7,902,948.0달러입니다."
2024.10에 호주에서 가장 적게 거래된 품목은 무엇인가요?,"2024.10에 호주에서 가장 적게 거래된 품목은 태양열 집열기이며, 총 거래액은 760.0달러입니다."
2024.11에 대만에서 가장 많이 거래된 품목은 무엇인가요?,"2024.11에 대만에서 가장 많이 거래된 품목은 천연 성분 세제이며, 총 거래액은 6,532,188.0달러입니다."
2024.11에 대만에서 가장 적게 거래된 품목은 무엇인가요?,"2024.11에 대만에서 가장 적게 거래된 품목은 금속 빨대이며, 총 거래액은 14,997.0달러입니다."
2024.11에 독일에서 가장 많이 거래된 품목은 무엇인가요?,"2024.11에 독일에서 가장 많이 거래된 품목은 전기자동차이며, 총 거래액은 113,431,523.0달러입니다."
2024.11에 독일에서 가장 적게 거래된 품목은 무엇인가요?,"2024.11에 독일에서 가장 적게 거래된 품목은 천연 비료이며, 총 거래액은 50.0달러입니다."
2024.11에 미국에서 가장 많이 거래된 품목은 무엇인가요?,"2024.11에 미국에서 가장 많이 거래된 품목은 전기차용 리튬이온 배터리이며, 총 거래액은 267,620,520.0달러입니다."
2024.11에 미국에서 가장 적게 거래된 품목은 무엇인가요?,"2024.11에 미국에서 가장 적게 거래된 품목은 천연 비료이며, 총 거래액은 1,281.0달러입니다."
2024.11에 베트남에서 가장 많이 거래된 품목은 무엇인가요?,"2024.11에 베트남에서 가장 많이 거래된 품목은 전기차용 리튬이온 배터리이며, 총 거래액은 19,197,600.0달러입니다."
2024.11에 베트남에서 가장 적게 거래된 품목은 무엇인가요?,"2024.11에 베트남에서 가장 적게 거래된 품목은 유기농 면화이며, 총 거래액은 2,948.0달러입니다."
2024.11에 인도에서 가장 많이 거래된 품목은 무엇인가요?,"2024.11에 인도에서 가장 많이 거래된 품목은 전기차용 리튬이온 배터리이며, 총 거래액은 19,067,010.0달러입니다."
2024.11에 인도에서 가장 적게 거래된 품목은 무엇인가요?,"2024.11에 인도에서 가장 적게 거래된 품목은 천연 비료이며, 총 거래액은 84.0달러입니다."
2024.11에 일본에서 가장 많이 거래된 품목은 무엇인가요?,"2024.11에 일본에서 가장 많이 거래된 품목은 전기차용 리튬이온 배터리이며, 총 거래액은 18,891,517.0달러입니다."
2024.11에 일본에서 가장 적게 거래된 품목은 무엇인가요?,"2024.11에 일본에서 가장 적게 거래된 품목은 전기 이륜차이며, 총 거래액은 240.0달러입니다."
2024.11에 중국에서 가장 많이 거래된 품목은 무엇인가요?,"2024.11에 중국에서 가장 많이 거래된 품목은 전기차용 리튬이온 배터리이며, 총 거래액은 468,356,231.0달러입니다."
2024.11에 중국에서 가장 적게 거래된 품목은 무엇인가요?,"2024.11에 중국에서 가장 적게 거래된 품목은 유기농 면화이며, 총 거래액은 208.0달러입니다."
2024.11에 태국에서 가장 많이 거래된 품목은 무엇인가요?,"2024.11에 태국에서 가장 많이 거래된 품목은 천연 고무 라텍스이며, 총 거래액은 2,016,744.0달러입니다."
2024.11에 태국에서 가장 적게 거래된 품목은 무엇인가요?,"2024.11에 태국에서 가장 적게 거래된 품목은 종이 빨대, 포장재이며, 총 거래액은 13,526.0달러입니다."
2024.11에 프랑스에서 가장 많이 거래된 품목은 무엇인가요?,"2024.11에 프랑스에서 가장 많이 거래된 품목은 전기자동차이며, 총 거래액은 30,683,147.0달러입니다."
2024.11에 프랑스에서 가장 적게 거래된 품목은 무엇인가요?,"2024.11에 프랑스에서 가장 적게 거래된 품목은 천연 비료이며, 총 거래액은 95.0달러입니다."
2024.11에 호주에서 가장 많이 거래된 품목은 무엇인가요?,"2024.11에 호주에서 가장 많이 거래된 품목은 전기자동차이며, 총 거래액은 6,139,501.0달러입니다."
2024.11에 호주에서 가장 적게 거래된 품목은 무엇인가요?,"2024.11에 호주에서 가장 적게 거래된 품목은 천연 비료이며, 총 거래액은 132.0달러입니다."
2024.12에 대만에서 가장 많이 거래된 품목은 무엇인가요?,"2024.12에 대만에서 가장 많이 거래된 품목은 전기차용 리튬이온 배터리이며, 총 거래액은 27,166,769.0달러입니다."
2024.12에 대만에서 가장 적게 거래된 품목은 무엇인가요?,"2024.12에 대만에서 가장 적게 거래된 품목은 금속 빨대이며, 총 거래액은 4,862.0달러입니다."
2024.12에 독일에서 가장 많이 거래된 품목은 무엇인가요?,"2024.12에 독일에서 가장 많이 거래된 품목은 전기자동차이며, 총 거래액은 192,633,810.0달러입니다."
2024.12에 독일에서 가장 적게 거래된 품목은 무엇인가요?,"2024.12에 독일에서 가장 적게 거래된 품목은 천연 비료이며, 총 거래액은 99.0달러입니다."
2024.12에 미국에서 가장 많이 거래된 품목은 무엇인가요?,"2024.12에 미국에서 가장 많이 거래된 품목은 전기차용 리튬이온 배터리이며, 총 거래액은 375,978,573.0달러입니다."
2024.12에 미국에서 가장 적게 거래된 품목은 무엇인가요?,"2024.12에 미국에서 가장 적게 거래된 품목은 천연 비료이며, 총 거래액은 1,430.0달러입니다."
2024.12에 베트남에서 가장 많이 거래된 품목은 무엇인가요?,"2024.12에 베트남에서 가장 많이 거래된 품목은 전력 변환장치 (인버터)이며, 총 거래액은 19,634,026.0달러입니다."
2024.12에 베트남에서 가장 적게 거래된 품목은 무엇인가요?,"2024.12에 베트남에서 가장 적게 거래된 품목은 천연 고무 라텍스이며, 총 거래액은 4,961.0달러입니다."
2024.12에 인도에서 가장 많이 거래된 품목은 무엇인가요?,"2024.12에 인도에서 가장 많이 거래된 품목은 전기차용 리튬이온 배터리이며, 총 거래액은 16,360,840.0달러입니다."
2024.12에 인도에서 가장 적게 거래된 품목은 무엇인가요?,"2024.12에 인도에서 가장 적게 거래된 품목은 태양열 집열기이며, 총 거래액은 272.0달러입니다."
2024.12에 일본에서 가장 많이 거래된 품목은 무엇인가요?,"2024.12에 일본에서 가장 많이 거래된 품목은 전기차용 리튬이온 배터리이며, 총 거래액은 27,875,196.0달러입니다."
2024.12에 일본에서 가장 적게 거래된 품목은 무엇인가요?,"2024.12에 일본에서 가장 적게 거래된 품목은 전기 이륜차이며, 총 거래액은 6,327.0달러입니다."
2024.12에 중국에서 가장 많이 거래된 품목은 무엇인가요?,"2024.12에 중국에서 가장 많이 거래된 품목은 전기차용 리튬이온 배터리이며, 총 거래액은 468,851,015.0달러입니다."
2024.12에 중국에서 가장 적게 거래된 품목은 무엇인가요?,"2024.12에 중국에서 가장 적게 거래된 품목은 유기농 면화이며, 총 거래액은 232.0달러입니다."
2024.12에 태국에서 가장 많이 거래된 품목은 무엇인가요?,"2024.12에 태국에서 가장 많이 거래된 품목은 천연 고무 라텍스이며, 총 거래액은 2,038,584.0달러입니다."
2024.12에 태국에서 가장 적게 거래된 품목은 무엇인가요?,"2024.12에 태국에서 가장 적게 거래된 품목은 슬래그 울, 단열재이며, 총 거래액은 77.0달러입니다."
2024.12에 프랑스에서 가장 많이 거래된 품목은 무엇인가요?,"2024.12에 프랑스에서 가장 많이 거래된 품목은 전기차용 리튬이온 배터리이며, 총 거래액은 13,167,232.0달러입니다."
2024.12에 프랑스에서 가장 적게 거래된 품목은 무엇인가요?,"2024.12에 프랑스에서 가장 적게 거래된 품목은 천연 성분 세제이며, 총 거래액은 36,793.0달러입니다."
2024.12에 호주에서 가장 많이 거래된 품목은 무엇인가요?,"2024.12에 호주에서 가장 많이 거래된 품목은 전기차용 리튬이온 배터리이며, 총 거래액은 4,992,456.0달러입니다."
2024.12에 호주에서 가장 적게 거래된 품목은 무엇인가요?,"2024.12에 호주에서 가장 적게 거래된 품목은 태양열 집열기이며, 총 거래액은 380.0달러입니다."
2025.01에 대만에서 가장 많이 거래된 품목은 무엇인가요?,"2025.01에 대만에서 가장 많이 거래된 품목은 전력 변환장치 (인버터)이며, 총 거래액은 5,389,414.0달러입니다."
2025.01에 대만에서 가장 적게 거래된 품목은 무엇인가요?,"2025.01에 대만에서 가장 적게 거래된 품목은 금속 빨대이며, 총 거래액은 1,805.0달러입니다."
2025.01에 독일에서 가장 많이 거래된 품목은 무엇인가요?,"2025.01에 독일에서 가장 많이 거래된 품목은 전기자동차이며, 총 거래액은 95,875,530.0달러입니다."
2025.01에 독일에서 가장 적게 거래된 품목은 무엇인가요?,"2025.01에 독일에서 가장 적게 거래된 품목은 천연 비료이며, 총 거래액은 269.0달러입니다."
2025.01에 미국에서 가장 많이 거래된 품목은 무엇인가요?,"2025.01에 미국에서 가장 많이 거래된 품목은 전기차용 리튬이온 배터리이며, 총 거래액은 179,564,532.0달러입니다."
2025.01에 미국에서 가장 적게 거래된 품목은 무엇인가요?,"2025.01에 미국에서 가장 적게 거래된 품목은 천연 고무 라텍스이며, 총 거래액은 560.0달러입니다."
2025.01에 베트남에서 가장 많이 거래된 품목은 무엇인가요?,"2025.01에 베트남에서 가장 많이 거래된 품목은 전력 변환장치 (인버터)이며, 총 거래액은 21,493,755.0달러입니다."
2025.01에 베트남에서 가장 적게 거래된 품목은 무엇인가요?,"2025.01에 베트남에서 가장 적게 거래된 품목은 태양열 집열기이며, 총 거래액은 13.0달러입니다."
2025.01에 인도에서 가장 많이 거래된 품목은 무엇인가요?,"2025.01에 인도에서 가장 많이 거래된 품목은 전기자동차이며, 총 거래액은 9,454,435.0달러입니다."
2025.01에 인도에서 가장 적게 거래된 품목은 무엇인가요?,"2025.01에 인도에서 가장 적게 거래된 품목은 금속 빨대이며, 총 거래액은 1,422.0달러입니다."
2025.01에 일본에서 가장 많이 거래된 품목은 무엇인가요?,"2025.01에 일본에서 가장 많이 거래된 품목은 전기차용 리튬이온 배터리이며, 총 거래액은 24,959,950.0달러입니다."
2025.01에 일본에서 가장 적게 거래된 품목은 무엇인가요?,"2025.01에 일본에서 가장 적게 거래된 품목은 전기 이륜차이며, 총 거래액은 6,622.0달러입니다."
2025.01에 중국에서 가장 많이 거래된 품목은 무엇인가요?,"2025.01에 중국에서 가장 많이 거래된 품목은 전기차용 리튬이온 배터리이며, 총 거래액은 274,658,641.0달러입니다."
2025.01에 중국에서 가장 적게 거래된 품목은 무엇인가요?,"2025.01에 중국에서 가장 적게 거래된 품목은 유기농 면화이며, 총 거래액은 59.0달러입니다."
2025.01에 태국에서 가장 많이 거래된 품목은 무엇인가요?,"2025.01에 태국에서 가장 많이 거래된 품목은 전기자동차이며, 총 거래액은 2,752,904.0달러입니다."
2025.01에 태국에서 가장 적게 거래된 품목은 무엇인가요?,"2025.01에 태국에서 가장 적게 거래된 품목은 금속 빨대이며, 총 거래액은 1,165.0달러입니다."
2025.01에 프랑스에서 가장 많이 거래된 품목은 무엇인가요?,"2025.01에 프랑스에서 가장 많이 거래된 품목은 전기자동차이며, 총 거래액은 22,644,768.0달러입니다."
2025.01에 프랑스에서 가장 적게 거래된 품목은 무엇인가요?,"2025.01에 프랑스에서 가장 적게 거래된 품목은 실리콘 식기/빨대이며, 총 거래액은 75,691.0달러입니다."
2025.01에 호주에서 가장 많이 거래된 품목은 무엇인가요?,"2025.01에 호주에서 가장 많이 거래된 품목은 전기자동차이며, 총 거래액은 21,850,548.0달러입니다."
2025.01에 호주에서 가장 적게 거래된 품목은 무엇인가요?,"2025.01에 호주에서 가장 적게 거래된 품목은 전기 이륜차이며, 총 거래액은 318.0달러입니다."
2025.02에 대만에서 가장 많이 거래된 품목은 무엇인가요?,"2025.02에 대만에서 가장 많이 거래된 품목은 천연 성분 세제이며, 총 거래액은 5,786,429.0달러입니다."
2025.02에 대만에서 가장 적게 거래된 품목은 무엇인가요?,"2025.02에 대만에서 가장 적게 거래된 품목은 유기농 면화이며, 총 거래액은 16.0달러입니다."
2025.02에 독일에서 가장 많이 거래된 품목은 무엇인가요?,"2025.02에 독일에서 가장 많이 거래된 품목은 전기자동차이며, 총 거래액은 137,343,400.0달러입니다."
2025.02에 독일에서 가장 적게 거래된 품목은 무엇인가요?,"2025.02에 독일에서 가장 적게 거래된 품목은 슬래그 울, 단열재이며, 총 거래액은 1,766.0달러입니다."
2025.02에 미국에서 가장 많이 거래된 품목은 무엇인가요?,"2025.02에 미국에서 가장 많이 거래된 품목은 전기차용 리튬이온 배터리이며, 총 거래액은 194,045,614.0달러입니다."
2025.02에 미국에서 가장 적게 거래된 품목은 무엇인가요?,"2025.02에 미국에서 가장 적게 거래된 품목은 천연 비료이며, 총 거래액은 1,872.0달러입니다."
2025.02에 베트남에서 가장 많이 거래된 품목은 무엇인가요?,"2025.02에 베트남에서 가장 많이 거래된 품목은 전기차용 리튬이온 배터리이며, 총 거래액은 17,145,186.0달러입니다."
2025.02에 베트남에서 가장 적게 거래된 품목은 무엇인가요?,"2025.02에 베트남에서 가장 적게 거래된 품목은 유기농 면화이며, 총 거래액은 2,058.0달러입니다."
2025.02에 인도에서 가장 많이 거래된 품목은 무엇인가요?,"2025.02에 인도에서 가장 많이 거래된 품목은 전기차용 리튬이온 배터리이며, 총 거래액은 15,905,021.0달러입니다."
2025.02에 인도에서 가장 적게 거래된 품목은 무엇인가요?,"2025.02에 인도에서 가장 적게 거래된 품목은 천연 비료이며, 총 거래액은 62,170.0달러입니다."
2025.02에 일본에서 가장 많이 거래된 품목은 무엇인가요?,"2025.02에 일본에서 가장 많이 거래된 품목은 전기차용 리튬이온 배터리이며, 총 거래액은 20,878,685.0달러입니다."
2025.02에 일본에서 가장 적게 거래된 품목은 무엇인가요?,"2025.02에 일본에서 가장 적게 거래된 품목은 전기 이륜차이며, 총 거래액은 7.0달러입니다."
2025.02에 중국에서 가장 많이 거래된 품목은 무엇인가요?,"2025.02에 중국에서 가장 많이 거래된 품목은 전기차용 리튬이온 배터리이며, 총 거래액은 257,257,705.0달러입니다."
2025.02에 중국에서 가장 적게 거래된 품목은 무엇인가요?,"2025.02에 중국에서 가장 적게 거래된 품목은 유기농 면화이며, 총 거래액은 403.0달러입니다."
2025.02에 태국에서 가장 많이 거래된 품목은 무엇인가요?,"2025.02에 태국에서 가장 많이 거래된 품목은 전기자동차이며, 총 거래액은 4,341,763.0달러입니다."
2025.02에 태국에서 가장 적게 거래된 품목은 무엇인가요?,"2025.02에 태국에서 가장 적게 거래된 품목은 금속 빨대이며, 총 거래액은 7,781.0달러입니다."
2025.02에 프랑스에서 가장 많이 거래된 품목은 무엇인가요?,"2025.02에 프랑스에서 가장 많이 거래된 품목은 전기자동차이며, 총 거래액은 28,752,817.0달러입니다."
2025.02에 프랑스에서 가장 적게 거래된 품목은 무엇인가요?,"2025.02에 프랑스에서 가장 적게 거래된 품목은 유기농 면화이며, 총 거래액은 4.0달러입니다."
2025.02에 호주에서 가장 많이 거래된 품목은 무엇인가요?,"2025.02에 호주에서 가장 많이 거래된 품목은 전기자동차이며, 총 거래액은 22,780,246.0달러입니다."
2025.02에 호주에서 가장 적게 거래된 품목은 무엇인가요?,"2025.02에 호주에서 가장 적게 거래된 품목은 금속 빨대이며, 총 거래액은 16,742.0달러입니다."
2025.03에 대만에서 가장 많이 거래된 품목은 무엇인가요?,"2025.03에 대만에서 가장 많이 거래된 품목은 전기차용 리튬이온 배터리이며, 총 거래액은 28,303,611.0달러입니다."
2025.03에 대만에서 가장 적게 거래된 품목은 무엇인가요?,"2025.03에 대만에서 가장 적게 거래된 품목은 금속 빨대이며, 총 거래액은 2,657.0달러입니다."
2025.03에 독일에서 가장 많이 거래된 품목은 무엇인가요?,"2025.03에 독일에서 가장 많이 거래된 품목은 전기자동차이며, 총 거래액은 197,225,211.0달러입니다."
2025.03에 독일에서 가장 적게 거래된 품목은 무엇인가요?,"2025.03에 독일에서 가장 적게 거래된 품목은 천연 비료이며, 총 거래액은 25,863.0달러입니다."
2025.03에 미국에서 가장 많이 거래된 품목은 무엇인가요?,"2025.03에 미국에서 가장 많이 거래된 품목은 전기차용 리튬이온 배터리이며, 총 거래액은 192,022,072.0달러입니다."
2025.03에 미국에서 가장 적게 거래된 품목은 무엇인가요?,"2025.03에 미국에서 가장 적게 거래된 품목은 천연 고무 라텍스이며, 총 거래액은 644.0달러입니다."
2025.03에 베트남에서 가장 많이 거래된 품목은 무엇인가요?,"2025.03에 베트남에서 가장 많이 거래된 품목은 전기차용 리튬이온 배터리이며, 총 거래액은 18,540,783.0달러입니다."
2025.03에 베트남에서 가장 적게 거래된 품목은 무엇인가요?,"2025.03에 베트남에서 가장 적게 거래된 품목은 유기농 면화이며, 총 거래액은 2,913.0달러입니다."
2025.03에 인도에서 가장 많이 거래된 품목은 무엇인가요?,"2025.03에 인도에서 가장 많이 거래된 품목은 전기차용 리튬이온 배터리이며, 총 거래액은 11,133,620.0달러입니다."
2025.03에 인도에서 가장 적게 거래된 품목은 무엇인가요?,"2025.03에 인도에서 가장 적게 거래된 품목은 천연 비료이며, 총 거래액은 7,174.0달러입니다."
2025.03에 일본에서 가장 많이 거래된 품목은 무엇인가요?,"2025.03에 일본에서 가장 많이 거래된 품목은 전기차용 리튬이온 배터리이며, 총 거래액은 16,429,935.0달러입니다."
2025.03에 일본에서 가장 적게 거래된 품목은 무엇인가요?,"2025.03에 일본에서 가장 적게 거래된 품목은 천연 고무 라텍스이며, 총 거래액은 1,398.0달러입니다."
2025.03에 중국에서 가장 많이 거래된 품목은 무엇인가요?,"2025.03에 중국에서 가장 많이 거래된 품목은 전기차용 리튬이온 배터리이며, 총 거래액은 301,707,779.0달러입니다."
2025.03에 중국에서 가장 적게 거래된 품목은 무엇인가요?,"2025.03에 중국에서 가장 적게 거래된 품목은 태양열 집열기이며, 총 거래액은 933.0달러입니다."
2025.03에 태국에서 가장 많이 거래된 품목은 무엇인가요?,"2025.03에 태국에서 가장 많이 거래된 품목은 전기차용 리튬이온 배터리이며, 총 거래액은 2,632,725.0달러입니다."
2025.03에 태국에서 가장 적게 거래된 품목은 무엇인가요?,"2025.03에 태국에서 가장 적게 거래된 품목은 금속 빨대이며, 총 거래액은 12,138.0달러입니다."
2025.03에 프랑스에서 가장 많이 거래된 품목은 무엇인가요?,"2025.03에 프랑스에서 가장 많이 거래된 품목은 전기자동차이며, 총 거래액은 22,768,016.0달러입니다."
2025.03에 프랑스에서 가장 적게 거래된 품목은 무엇인가요?,"2025.03에 프랑스에서 가장 적게 거래된 품목은 천연 성분 세제이며, 총 거래액은 50,266.0달러입니다."
2025.03에 호주에서 가장 많이 거래된 품목은 무엇인가요?,"2025.03에 호주에서 가장 많이 거래된 품목은 전기자동차이며, 총 거래액은 21,899,680.0달러입니다."
2025.03에 호주에서 가장 적게 거래된 품목은 무엇인가요?,"2025.03에 호주에서 가장 적게 거래된 품목은 금속 빨대이며, 총 거래액은 387.0달러입니다."
2025.04에 대만에서 가장 많이 거래된 품목은 무엇인가요?,"2025.04에 대만에서 가장 많이 거래된 품목은 전력 변환장치 (인버터)이며, 총 거래액은 7,331,175.0달러입니다."
2025.04에 대만에서 가장 적게 거래된 품목은 무엇인가요?,"2025.04에 대만에서 가장 적게 거래된 품목은 태양열 집열기이며, 총 거래액은 9,595.0달러입니다."
2025.04에 독일에서 가장 많이 거래된 품목은 무엇인가요?,"2025.04에 독일에서 가장 많이 거래된 품목은 전기자동차이며, 총 거래액은 188,388,285.0달러입니다."
2025.04에 독일에서 가장 적게 거래된 품목은 무엇인가요?,"2025.04에 독일에서 가장 적게 거래된 품목은 전기 이륜차이며, 총 거래액은 4,515.0달러입니다."
2025.04에 미국에서 가장 많이 거래된 품목은 무엇인가요?,"2025.04에 미국에서 가장 많이 거래된 품목은 전기차용 리튬이온 배터리이며, 총 거래액은 260,217,386.0달러입니다."
2025.04에 미국에서 가장 적게 거래된 품목은 무엇인가요?,"2025.04에 미국에서 가장 적게 거래된 품목은 전기 이륜차이며, 총 거래액은 64.0달러입니다."
2025.04에 베트남에서 가장 많이 거래된 품목은 무엇인가요?,"2025.04에 베트남에서 가장 많이 거래된 품목은 전력 변환장치 (인버터)이며, 총 거래액은 20,389,129.0달러입니다."
2025.04에 베트남에서 가장 적게 거래된 품목은 무엇인가요?,"2025.04에 베트남에서 가장 적게 거래된 품목은 태양열 집열기이며, 총 거래액은 1,275.0달러입니다."
2025.04에 인도에서 가장 많이 거래된 품목은 무엇인가요?,"2025.04에 인도에서 가장 많이 거래된 품목은 전기차용 리튬이온 배터리이며, 총 거래액은 11,163,885.0달러입니다."
2025.04에 인도에서 가장 적게 거래된 품목은 무엇인가요?,"2025.04에 인도에서 가장 적게 거래된 품목은 천연 비료이며, 총 거래액은 49.0달러입니다."
2025.04에 일본에서 가장 많이 거래된 품목은 무엇인가요?,"2025.04에 일본에서 가장 많이 거래된 품목은 전기차용 리튬이온 배터리이며, 총 거래액은 18,949,800.0달러입니다."
2025.04에 일본에서 가장 적게 거래된 품목은 무엇인가요?,"2025.04에 일본에서 가장 적게 거래된 품목은 전기 이륜차이며, 총 거래액은 898.0달러입니다."
2025.04에 중국에서 가장 많이 거래된 품목은 무엇인가요?,"2025.04에 중국에서 가장 많이 거래된 품목은 전기차용 리튬이온 배터리이며, 총 거래액은 336,085,258.0달러입니다."
2025.04에 중국에서 가장 적게 거래된 품목은 무엇인가요?,"2025.04에 중국에서 가장 적게 거래된 품목은 유기농 면화이며, 총 거래액은 147.0달러입니다."
2025.04에 태국에서 가장 많이 거래된 품목은 무엇인가요?,"2025.04에 태국에서 가장 많이 거래된 품목은 전기차용 리튬이온 배터리이며, 총 거래액은 1,670,330.0달러입니다."
2025.04에 태국에서 가장 적게 거래된 품목은 무엇인가요?,"2025.04에 태국에서 가장 적게 거래된 품목은 태양열 집열기이며, 총 거래액은 1,395.0달러입니다."
2025.04에 프랑스에서 가장 많이 거래된 품목은 무엇인가요?,"2025.04에 프랑스에서 가장 많이 거래된 품목은 전기자동차이며, 총 거래액은 39,541,539.0달러입니다."
2025.04에 프랑스에서 가장 적게 거래된 품목은 무엇인가요?,"2025.04에 프랑스에서 가장 적게 거래된 품목은 태양열 집열기이며, 총 거래액은 201.0달러입니다."
2025.04에 호주에서 가장 많이 거래된 품목은 무엇인가요?,"2025.04에 호주에서 가장 많이 거래된 품목은 전기자동차이며, 총 거래액은 29,790,567.0달러입니다."
2025.04에 호주에서 가장 적게 거래된 품목은 무엇인가요?,"2025.04에 호주에서 가장 적게 거래된 품목은 천연 비료이며, 총 거래액은 44.0달러입니다."
2025.05에 대만에서 가장 많이 거래된 품목은 무엇인가요?,"2025.05에 대만에서 가장 많이 거래된 품목은 천연 성분 세제이며, 총 거래액은 6,141,044.0달러입니다."
2025.05에 대만에서 가장 적게 거래된 품목은 무엇인가요?,"2025.05에 대만에서 가장 적게 거래된 품목은 유기농 면화이며, 총 거래액은 172.0달러입니다."
2025.05에 독일에서 가장 많이 거래된 품목은 무엇인가요?,"2025.05에 독일에서 가장 많이 거래된 품목은 전기자동차이며, 총 거래액은 200,177,834.0달러입니다."
2025.05에 독일에서 가장 적게 거래된 품목은 무엇인가요?,"2025.05에 독일에서 가장 적게 거래된 품목은 풍력 터빈용 발전기이며, 총 거래액은 23,742.0달러입니다."
2025.05에 미국에서 가장 많이 거래된 품목은 무엇인가요?,"2025.05에 미국에서 가장 많이 거래된 품목은 전기차용 리튬이온 배터리이며, 총 거래액은 175,347,671.0달러입니다."
2025.05에 미국에서 가장 적게 거래된 품목은 무엇인가요?,"2025.05에 미국에서 가장 적게 거래된 품목은 천연 고무 라텍스이며, 총 거래액은 4,677.0달러입니다."
2025.05에 베트남에서 가장 많이 거래된 품목은 무엇인가요?,"2025.05에 베트남에서 가장 많이 거래된 품목은 전력 변환장치 (인버터)이며, 총 거래액은 17,486,037.0달러입니다."
2025.05에 베트남에서 가장 적게 거래된 품목은 무엇인가요?,"2025.05에 베트남에서 가장 적게 거래된 품목은 유기농 면화이며, 총 거래액은 2,566.0달러입니다."
2025.05에 인도에서 가장 많이 거래된 품목은 무엇인가요?,"2025.05에 인도에서 가장 많이 거래된 품목은 전기차용 리튬이온 배터리이며, 총 거래액은 9,417,653.0달러입니다."
2025.05에 인도에서 가장 적게 거래된 품목은 무엇인가요?,"2025.05에 인도에서 가장 적게 거래된 품목은 천연 비료이며, 총 거래액은 1,268.0달러입니다."
2025.05에 일본에서 가장 많이 거래된 품목은 무엇인가요?,"2025.05에 일본에서 가장 많이 거래된 품목은 전기차용 리튬이온 배터리이며, 총 거래액은 16,320,251.0달러입니다."
2025.05에 일본에서 가장 적게 거래된 품목은 무엇인가요?,"2025.05에 일본에서 가장 적게 거래된 품목은 전기 이륜차이며, 총 거래액은 1,631.0달러입니다."
2025.05에 중국에서 가장 많이 거래된 품목은 무엇인가요?,"2025.05에 중국에서 가장 많이 거래된 품목은 전기차용 리튬이온 배터리이며, 총 거래액은 287,694,212.0달러입니다."
2025.05에 중국에서 가장 적게 거래된 품목은 무엇인가요?,"2025.05에 중국에서 가장 적게 거래된 품목은 풍력 터빈용 발전기이며, 총 거래액은 6,177.0달러입니다."
2025.05에 태국에서 가장 많이 거래된 품목은 무엇인가요?,"2025.05에 태국에서 가장 많이 거래된 품목은 전기차용 리튬이온 배터리이며, 총 거래액은 3,129,299.0달러입니다."
2025.05에 태국에서 가장 적게 거래된 품목은 무엇인가요?,"2025.05에 태국에서 가장 적게 거래된 품목은 금속 빨대이며, 총 거래액은 1,850.0달러입니다."
2025.05에 프랑스에서 가장 많이 거래된 품목은 무엇인가요?,"2025.05에 프랑스에서 가장 많이 거래된 품목은 전기자동차이며, 총 거래액은 17,933,826.0달러입니다."
2025.05에 프랑스에서 가장 적게 거래된 품목은 무엇인가요?,"2025.05에 프랑스에서 가장 적게 거래된 품목은 태양열 집열기이며, 총 거래액은 718.0달러입니다."
2025.05에 호주에서 가장 많이 거래된 품목은 무엇인가요?,"2025.05에 호주에서 가장 많이 거래된 품목은 전기자동차이며, 총 거래액은 17,636,901.0달러입니다."
2025.05에 호주에서 가장 적게 거래된 품목은 무엇인가요?,"2025.05에 호주에서 가장 적게 거래된 품목은 유기농 면화이며, 총 거래액은 109.0달러입니다."
금속 빨대는 어느 시기에 가장 많이 거래되었나요?,"금속 빨대(은)은 2025.04에 가장 많이 거래되었으며, 총 거래액은 4,043,296.0달러입니다."
금속 빨대는 어느 시기에 가장 적게 거래되었나요?,"금속 빨대(은)은 2024.09에 가장 적게 거래되었으며, 총 거래액은 2,253,207.0달러입니다."
"슬래그 울, 단열재는 어느 시기에 가장 많이 거래되었나요?","슬래그 울, 단열재(은)은 2025.04에 가장 많이 거래되었으며, 총 거래액은 8,255,696.0달러입니다."
"슬래그 울, 단열재는 어느 시기에 가장 적게 거래되었나요?","슬래그 울, 단열재(은)은 2025.01에 가장 적게 거래되었으며, 총 거래액은 4,897,089.0달러입니다."
실리콘 식기/빨대는 어느 시기에 가장 많이 거래되었나요?,"실리콘 식기/빨대(은)은 2024.12에 가장 많이 거래되었으며, 총 거래액은 16,994,102.0달러입니다."
실리콘 식기/빨대는 어느 시기에 가장 적게 거래되었나요?,"실리콘 식기/빨대(은)은 2024.09에 가장 적게 거래되었으며, 총 거래액은 13,820,250.0달러입니다."
유기농 면화는 어느 시기에 가장 많이 거래되었나요?,"유기농 면화(은)은 2025.04에 가장 많이 거래되었으며, 총 거래액은 6,890,709.0달러입니다."
유기농 면화는 어느 시기에 가장 적게 거래되었나요?,"유기농 면화(은)은 2025.01에 가장 적게 거래되었으며, 총 거래액은 2,308,846.0달러입니다."
전기 이륜차는 어느 시기에 가장 많이 거래되었나요?,"전기 이륜차(은)은 2024.09에 가장 많이 거래되었으며, 총 거래액은 13,127,025.0달러입니다."
전기 이륜차는 어느 시기에 가장 적게 거래되었나요?,"전기 이륜차(은)은 2025.02에 가장 적게 거래되었으며, 총 거래액은 3,750,446.0달러입니다."
전기자동차는 어느 시기에 가장 많이 거래되었나요?,"전기자동차(은)은 2025.05에 가장 많이 거래되었으며, 총 거래액은 531,874,793.0달러입니다."
전기자동차는 어느 시기에 가장 적게 거래되었나요?,"전기자동차(은)은 2025.01에 가장 적게 거래되었으며, 총 거래액은 275,172,404.0달러입니다."
전기차용 리튬이온 배터리는 어느 시기에 가장 많이 거래되었나요?,"전기차용 리튬이온 배터리(은)은 2024.12에 가장 많이 거래되었으며, 총 거래액은 969,890,259.0달러입니다."
전기차용 리튬이온 배터리는 어느 시기에 가장 적게 거래되었나요?,"전기차용 리튬이온 배터리(은)은 2025.01에 가장 적게 거래되었으며, 총 거래액은 509,553,366.0달러입니다."
전력 변환장치 (인버터)은 어느 시기에 가장 많이 거래되었나요?,"전력 변환장치 (인버터)(은)은 2024.1에 가장 많이 거래되었으며, 총 거래액은 253,311,490.0달러입니다."
전력 변환장치 (인버터)은 어느 시기에 가장 적게 거래되었나요?,"전력 변환장치 (인버터)(은)은 2025.02에 가장 적게 거래되었으며, 총 거래액은 176,846,378.0달러입니다."
"종이 빨대, 포장재는 어느 시기에 가장 많이 거래되었나요?","종이 빨대, 포장재(은)은 2025.03에 가장 많이 거래되었으며, 총 거래액은 10,662,930.0달러입니다."
"종이 빨대, 포장재는 어느 시기에 가장 적게 거래되었나요?","종이 빨대, 포장재(은)은 2025.02에 가장 적게 거래되었으며, 총 거래액은 4,414,761.0달러입니다."
천연 고무 라텍스는 어느 시기에 가장 많이 거래되었나요?,"천연 고무 라텍스(은)은 2024.07에 가장 많이 거래되었으며, 총 거래액은 2,096,752.0달러입니다."
천연 고무 라텍스는 어느 시기에 가장 적게 거래되었나요?,"천연 고무 라텍스(은)은 2025.04에 가장 적게 거래되었으며, 총 거래액은 1,539,056.0달러입니다."
천연 비료는 어느 시기에 가장 많이 거래되었나요?,"천연 비료(은)은 2025.05에 가장 많이 거래되었으며, 총 거래액은 2,984,698.0달러입니다."
천연 비료는 어느 시기에 가장 적게 거래되었나요?,"천연 비료(은)은 2025.01에 가장 적게 거래되었으며, 총 거래액은 1,050,095.0달러입니다."
천연 성분 세제는 어느 시기에 가장 많이 거래되었나요?,"천연 성분 세제(은)은 2025.03에 가장 많이 거래되었으며, 총 거래액은 25,316,323.0달러입니다."
천연 성분 세제는 어느 시기에 가장 적게 거래되었나요?,"천연 성분 세제(은)은 2024.09에 가장 적게 거래되었으며, 총 거래액은 17,027,587.0달러입니다."
태양열 집열기는 어느 시기에 가장 많이 거래되었나요?,"태양열 집열기(은)은 2024.09에 가장 많이 거래되었으며, 총 거래액은 1,013,249.0달러입니다."
태양열 집열기는 어느 시기에 가장 적게 거래되었나요?,"태양열 집열기(은)은 2024.11에 가장 적게 거래되었으며, 총 거래액은 93,974.0달러입니다."
풍력 터빈용 발전기는 어느 시기에 가장 많이 거래되었나요?,"풍력 터빈용 발전기(은)은 2024.06에 가장 많이 거래되었으며, 총 거래액은 48,191,576.0달러입니다."
풍력 터빈용 발전기는 어느 시기에 가장 적게 거래되었나요?,"풍력 터빈용 발전기(은)은 2025.02에 가장 적게 거래되었으며, 총 거래액은 2,359.0달러입니다."
-은 어느 국가로 가장 많이 수출되었나요?,"-은 -에 약 7,947,275,655달러 수출되어 가장 많은 수출량을 기록했습니다."
-은 어느 국가에서 가장 많이 수입되었나요?,"-은 -로부터 약 8,323,739,686달러 수입되어 가장 많은 수입량을 기록했습니다."
-은 어떤 월에 가장 많이 수출되었나요?,"-은 총계에 약 7,947,275,655달러 수출되어 가장 높은 수출 실적을 기록했습니다."
-은 어떤 월에 가장 많이 수입되었나요?,"-은 총계에 약 8,323,739,686달러 수입되어 가장 높은 수입 실적을 기록했습니다."
천연 비료는 어느 국가로 가장 많이 수출되었나요?,"천연 비료는 베트남에 약 18,583,561달러 수출되어 가장 많은 수출량을 기록했습니다."
천연 비료는 어느 국가에서 가장 많이 수입되었나요?,"천연 비료는 중국로부터 약 1,183,197달러 수입되어 가장 많은 수입량을 기록했습니다."
천연 비료는 어떤 월에 가장 많이 수출되었나요?,"천연 비료는 2025.05에 약 2,704,083달러 수출되어 가장 높은 수출 실적을 기록했습니다."
천연 비료는 어떤 월에 가장 많이 수입되었나요?,"천연 비료는 2025.04에 약 437,938달러 수입되어 가장 높은 수입 실적을 기록했습니다."
천연 성분 세제는 어느 국가로 가장 많이 수출되었나요?,"천연 성분 세제는 중국에 약 67,642,350달러 수출되어 가장 많은 수출량을 기록했습니다."
천연 성분 세제는 어느 국가에서 가장 많이 수입되었나요?,"천연 성분 세제는 중국로부터 약 27,367,897달러 수입되어 가장 많은 수입량을 기록했습니다."
천연 성분 세제는 어떤 월에 가장 많이 수출되었나요?,"천연 성분 세제는 2024.07에 약 17,257,200달러 수출되어 가장 높은 수출 실적을 기록했습니다."
천연 성분 세제는 어떤 월에 가장 많이 수입되었나요?,"천연 성분 세제는 2025.04에 약 9,421,611달러 수입되어 가장 높은 수입 실적을 기록했습니다."
실리콘 식기/빨대는 어느 국가로 가장 많이 수출되었나요?,"실리콘 식기/빨대는 미국에 약 22,236,298달러 수출되어 가장 많은 수출량을 기록했습니다."
실리콘 식기/빨대는 어느 국가에서 가장 많이 수입되었나요?,"실리콘 식기/빨대는 중국로부터 약 112,323,575달러 수입되어 가장 많은 수입량을 기록했습니다."
실리콘 식기/빨대는 어떤 월에 가장 많이 수출되었나요?,"실리콘 식기/빨대는 2025.05에 약 4,293,390달러 수출되어 가장 높은 수출 실적을 기록했습니다."
실리콘 식기/빨대는 어떤 월에 가장 많이 수입되었나요?,"실리콘 식기/빨대는 2024.12에 약 13,556,356달러 수입되어 가장 높은 수입 실적을 기록했습니다."
천연 고무 라텍스는 어느 국가로 가장 많이 수출되었나요?,"천연 고무 라텍스는 베트남에 약 18,866달러 수출되어 가장 많은 수출량을 기록했습니다."
천연 고무 라텍스는 어느 국가에서 가장 많이 수입되었나요?,"천연 고무 라텍스는 태국로부터 약 21,471,947달러 수입되어 가장 많은 수입량을 기록했습니다."
천연 고무 라텍스는 어떤 월에 가장 많이 수출되었나요?,"천연 고무 라텍스는 2025.01에 약 8,897달러 수출되어 가장 높은 수출 실적을 기록했습니다."
천연 고무 라텍스는 어떤 월에 가장 많이 수입되었나요?,"천연 고무 라텍스는 2024.07에 약 2,096,752달러 수입되어 가장 높은 수입 실적을 기록했습니다."
"종이 빨대, 포장재는 어느 국가로 가장 많이 수출되었나요?","종이 빨대, 포장재는 중국에 약 11,390,507달러 수출되어 가장 많은 수출량을 기록했습니다."
"종이 빨대, 포장재는 어느 국가에서 가장 많이 수입되었나요?","종이 빨대, 포장재는 중국로부터 약 32,541,187달러 수입되어 가장 많은 수입량을 기록했습니다."
"종이 빨대, 포장재는 어떤 월에 가장 많이 수출되었나요?","종이 빨대, 포장재는 2025.03에 약 6,748,633달러 수출되어 가장 높은 수출 실적을 기록했습니다."
"종이 빨대, 포장재는 어떤 월에 가장 많이 수입되었나요?","종이 빨대, 포장재는 2025.04에 약 4,501,051달러 수입되어 가장 높은 수입 실적을 기록했습니다."
유기농 면화는 어느 국가로 가장 많이 수출되었나요?,"유기농 면화는 일본에 약 661,509달러 수출되어 가장 많은 수출량을 기록했습니다."
유기농 면화는 어느 국가에서 가장 많이 수입되었나요?,"유기농 면화는 미국로부터 약 43,640,925달러 수입되어 가장 많은 수입량을 기록했습니다."
유기농 면화는 어떤 월에 가장 많이 수출되었나요?,"유기농 면화는 2024.10에 약 245,770달러 수출되어 가장 높은 수출 실적을 기록했습니다."
유기농 면화는 어떤 월에 가장 많이 수입되었나요?,"유기농 면화는 2025.04에 약 6,816,408달러 수입되어 가장 높은 수입 실적을 기록했습니다."
"슬래그 울, 단열재는 어느 국가로 가장 많이 수출되었나요?","슬래그 울, 단열재는 베트남에 약 5,680,095달러 수출되어 가장 많은 수출량을 기록했습니다."
"슬래그 울, 단열재는 어느 국가에서 가장 많이 수입되었나요?","슬래그 울, 단열재는 일본로부터 약 36,116,209달러 수입되어 가장 많은 수입량을 기록했습니다."
"슬래그 울, 단열재는 어떤 월에 가장 많이 수출되었나요?","슬래그 울, 단열재는 2024.07에 약 2,757,692달러 수출되어 가장 높은 수출 실적을 기록했습니다."
"슬래그 울, 단열재는 어떤 월에 가장 많이 수입되었나요?","슬래그 울, 단열재는 2025.04에 약 6,519,864달러 수입되어 가장 높은 수입 실적을 기록했습니다."
금속 빨대는 어느 국가로 가장 많이 수출되었나요?,"금속 빨대는 미국에 약 2,157,839달러 수출되어 가장 많은 수출량을 기록했습니다."
금속 빨대는 어느 국가에서 가장 많이 수입되었나요?,"금속 빨대는 중국로부터 약 24,447,175달러 수입되어 가장 많은 수입량을 기록했습니다."
금속 빨대는 어떤 월에 가장 많이 수출되었나요?,"금속 빨대는 2024.07에 약 350,702달러 수출되어 가장 높은 수출 실적을 기록했습니다."
금속 빨대는 어떤 월에 가장 많이 수입되었나요?,"금속 빨대는 2025.04에 약 3,794,950달러 수입되어 가장 높은 수입 실적을 기록했습니다."
태양열 집열기는 어느 국가로 가장 많이 수출되었나요?,"태양열 집열기는 미국에 약 1,155,993달러 수출되어 가장 많은 수출량을 기록했습니다."
태양열 집열기는 어느 국가에서 가장 많이 수입되었나요?,"태양열 집열기는 중국로부터 약 830,118달러 수입되어 가장 많은 수입량을 기록했습니다."
태양열 집열기는 어떤 월에 가장 많이 수출되었나요?,"태양열 집열기는 2024.09에 약 778,319달러 수출되어 가장 높은 수출 실적을 기록했습니다."
태양열 집열기는 어떤 월에 가장 많이 수입되었나요?,"태양열 집열기는 2025.04에 약 324,066달러 수입되어 가장 높은 수입 실적을 기록했습니다."
풍력 터빈용 발전기는 어느 국가로 가장 많이 수출되었나요?,"풍력 터빈용 발전기는 미국에 약 582,642달러 수출되어 가장 많은 수출량을 기록했습니다."
풍력 터빈용 발전기는 어느 국가에서 가장 많이 수입되었나요?,"풍력 터빈용 발전기는 중국로부터 약 53,981,275달러 수입되어 가장 많은 수입량을 기록했습니다."
풍력 터빈용 발전기는 어떤 월에 가장 많이 수출되었나요?,"풍력 터빈용 발전기는 2024.10에 약 582,642달러 수출되어 가장 높은 수출 실적을 기록했습니다."
풍력 터빈용 발전기는 어떤 월에 가장 많이 수입되었나요?,"풍력 터빈용 발전기는 2024.06에 약 48,191,576달러 수입되어 가장 높은 수입 실적을 기록했습니다."
전력 변환장치 (인버터)은 어느 국가로 가장 많이 수출되었나요?,"전력 변환장치 (인버터)은 미국에 약 259,634,187달러 수출되어 가장 많은 수출량을 기록했습니다."
전력 변환장치 (인버터)은 어느 국가에서 가장 많이 수입되었나요?,"전력 변환장치 (인버터)은 중국로부터 약 1,164,980,029달러 수입되어 가장 많은 수입량을 기록했습니다."
전력 변환장치 (인버터)은 어떤 월에 가장 많이 수출되었나요?,"전력 변환장치 (인버터)은 2024.07에 약 53,003,097달러 수출되어 가장 높은 수출 실적을 기록했습니다."
전력 변환장치 (인버터)은 어떤 월에 가장 많이 수입되었나요?,"전력 변환장치 (인버터)은 2024.10에 약 215,912,164달러 수입되어 가장 높은 수입 실적을 기록했습니다."
전기차용 리튬이온 배터리는 어느 국가로 가장 많이 수출되었나요?,"전기차용 리튬이온 배터리는 미국에 약 3,154,024,638달러 수출되어 가장 많은 수출량을 기록했습니다."
전기차용 리튬이온 배터리는 어느 국가에서 가장 많이 수입되었나요?,"전기차용 리튬이온 배터리는 중국로부터 약 3,703,259,300달러 수입되어 가장 많은 수입량을 기록했습니다."
전기차용 리튬이온 배터리는 어떤 월에 가장 많이 수출되었나요?,"전기차용 리튬이온 배터리는 2024.12에 약 524,890,273달러 수출되어 가장 높은 수출 실적을 기록했습니다."
전기차용 리튬이온 배터리는 어떤 월에 가장 많이 수입되었나요?,"전기차용 리튬이온 배터리는 2024.12에 약 444,999,986달러 수입되어 가장 높은 수입 실적을 기록했습니다."
전기자동차는 어느 국가로 가장 많이 수출되었나요?,"전기자동차는 미국에 약 1,519,692,514달러 수출되어 가장 많은 수출량을 기록했습니다."
전기자동차는 어느 국가에서 가장 많이 수입되었나요?,"전기자동차는 중국로부터 약 1,051,383,970달러 수입되어 가장 많은 수입량을 기록했습니다."
전기자동차는 어떤 월에 가장 많이 수출되었나요?,"전기자동차는 2024.09에 약 306,871,280달러 수출되어 가장 높은 수출 실적을 기록했습니다."
전기자동차는 어떤 월에 가장 많이 수입되었나요?,"전기자동차는 2025.05에 약 327,167,715달러 수입되어 가장 높은 수입 실적을 기록했습니다."
전기 이륜차는 어느 국가로 가장 많이 수출되었나요?,"전기 이륜차는 태국에 약 362,028달러 수출되어 가장 많은 수출량을 기록했습니다."
전기 이륜차는 어느 국가에서 가장 많이 수입되었나요?,"전기 이륜차는 중국로부터 약 94,643,169달러 수입되어 가장 많은 수입량을 기록했습니다."
전기 이륜차는 어떤 월에 가장 많이 수출되었나요?,"전기 이륜차는 2024.12에 약 290,267달러 수출되어 가장 높은 수출 실적을 기록했습니다."
전기 이륜차는 어떤 월에 가장 많이 수입되었나요?,"전기 이륜차는 2024.09에 약 13,126,325달러 수입되어 가장 높은 수입 실적을 기록했습니다."
대만은 어떤 물품을 가장 많이 수입했나요?,"대만은 전력 변환장치 (인버터)을 약 45,382,588달러 수입하여 가장 많이 수입한 품목입니다."
독일은 어떤 물품을 가장 많이 수입했나요?,"독일은 전기자동차을 약 658,372,213달러 수입하여 가장 많이 수입한 품목입니다."
미국은 어떤 물품을 가장 많이 수입했나요?,"미국은 전력 변환장치 (인버터)을 약 196,941,141달러 수입하여 가장 많이 수입한 품목입니다."
베트남은 어떤 물품을 가장 많이 수입했나요?,"베트남은 전력 변환장치 (인버터)을 약 189,206,839달러 수입하여 가장 많이 수입한 품목입니다."
인도는 어떤 물품을 가장 많이 수입했나요?,"인도는 전력 변환장치 (인버터)을 약 37,498,528달러 수입하여 가장 많이 수입한 품목입니다."
일본은 어떤 물품을 가장 많이 수입했나요?,"일본은 전력 변환장치 (인버터)을 약 88,494,661달러 수입하여 가장 많이 수입한 품목입니다."
중국은 어떤 물품을 가장 많이 수입했나요?,"중국은 전기차용 리튬이온 배터리을 약 3,703,259,300달러 수입하여 가장 많이 수입한 품목입니다."
태국은 어떤 물품을 가장 많이 수입했나요?,"태국은 천연 고무 라텍스을 약 21,471,947달러 수입하여 가장 많이 수입한 품목입니다."
프랑스는 어떤 물품을 가장 많이 수입했나요?,"프랑스는 전력 변환장치 (인버터)을 약 53,176,099달러 수입하여 가장 많이 수입한 품목입니다."
호주는 어떤 물품을 가장 많이 수입했나요?,"호주는 유기농 면화을 약 9,876,174달러 수입하여 가장 많이 수입한 품목입니다."
우리나라는 대만에서 어떤 물품을 수입했나요?,"우리나라는 대만에서 전력 변환장치 (인버터)을 약 45,382,588달러 수입했습니다."
우리나라는 독일에서 어떤 물품을 수입했나요?,"우리나라는 독일에서 전기자동차을 약 658,372,213달러 수입했습니다."
우리나라는 미국에서 어떤 물품을 수입했나요?,"우리나라는 미국에서 전력 변환장치 (인버터)을 약 196,941,141달러 수입했습니다."
우리나라는 베트남에서 어떤 물품을 수입했나요?,"우리나라는 베트남에서 전력 변환장치 (인버터)을 약 189,206,839달러 수입했습니다."
우리나라는 인도에서 어떤 물품을 수입했나요?,"우리나라는 인도에서 전력 변환장치 (인버터)을 약 37,498,528달러 수입했습니다."
우리나라는 일본에서 어떤 물품을 수입했나요?,"우리나라는 일본에서 전력 변환장치 (인버터)을 약 88,494,661달러 수입했습니다."
우리나라는 중국에서 어떤 물품을 수입했나요?,"우리나라는 중국에서 전기차용 리튬이온 배터리을 약 3,703,259,300달러 수입했습니다."
우리나라는 태국에서 어떤 물품을 수입했나요?,"우리나라는 태국에서 천연 고무 라텍스을 약 21,471,947달러 수입했습니다."
우리나라는 프랑스에서 어떤 물품을 수입했나요?,"우리나라는 프랑스에서 전력 변환장치 (인버터)을 약 53,176,099달러 수입했습니다."
우리나라는 호주에서 어떤 물품을 수입했나요?,"우리나라는 호주에서 유기농 면화을 약 9,876,174달러 수입했습니다."
금속 빨대는 우리나라에 어떤 국가에서 수입되었나요?,"금속 빨대는 중국(24,447,175달러), 베트남(2,591,904달러), 일본(1,468,766달러), 프랑스(1,385,723달러), 독일(992,794달러), 미국(660,076달러), 인도(301,439달러), 태국(57,898달러), 대만(31,544달러), 호주(4,131달러) 순으로 수입되었습니다."
"슬래그 울, 단열재는 우리나라에 어떤 국가에서 수입되었나요?","슬래그 울, 단열재는 일본(36,116,209달러), 중국(9,760,845달러), 미국(6,676,712달러), 프랑스(1,916,933달러), 인도(446,894달러), 독일(274,767달러), 대만(233,693달러), 태국(61,957달러), 베트남(16,146달러) 순으로 수입되었습니다."
실리콘 식기/빨대는 우리나라에 어떤 국가에서 수입되었나요?,"실리콘 식기/빨대는 중국(112,323,575달러), 베트남(12,350,247달러), 태국(6,061,476달러), 일본(4,595,734달러), 미국(2,123,026달러), 독일(2,038,211달러), 프랑스(1,739,424달러), 인도(908,324달러), 대만(405,927달러), 호주(45,586달러) 순으로 수입되었습니다."
유기농 면화는 우리나라에 어떤 국가에서 수입되었나요?,"유기농 면화는 미국(43,640,925달러), 호주(9,876,174달러), 일본(4,932달러), 인도(3,270달러), 프랑스(2,583달러), 중국(2,007달러) 순으로 수입되었습니다."
전기 이륜차는 우리나라에 어떤 국가에서 수입되었나요?,"전기 이륜차는 중국(94,643,169달러), 대만(10,833,394달러), 베트남(1,072,546달러), 독일(508,616달러), 프랑스(38,209달러), 미국(37,764달러), 일본(22,303달러), 인도(16,520달러), 호주(1,247달러) 순으로 수입되었습니다."
전기자동차는 우리나라에 어떤 국가에서 수입되었나요?,"전기자동차는 중국(1,051,383,970달러), 독일(658,372,213달러), 미국(97,055,356달러), 프랑스(3,933,917달러), 인도(339,035달러), 일본(277,770달러), 대만(232,500달러) 순으로 수입되었습니다."
전기차용 리튬이온 배터리는 우리나라에 어떤 국가에서 수입되었나요?,"전기차용 리튬이온 배터리는 중국(3,703,259,300달러), 미국(37,003,731달러), 베트남(33,617,473달러), 일본(22,308,160달러), 독일(15,157,327달러), 대만(4,280,570달러), 프랑스(1,928,010달러), 인도(1,422,370달러), 호주(98,164달러), 태국(21,883달러) 순으로 수입되었습니다."
전력 변환장치 (인버터)은 우리나라에 어떤 국가에서 수입되었나요?,"전력 변환장치 (인버터)은 중국(1,164,980,029달러), 독일(248,939,837달러), 미국(196,941,141달러), 베트남(189,206,839달러), 일본(88,494,661달러), 프랑스(53,176,099달러), 대만(45,382,588달러), 인도(37,498,528달러), 태국(12,729,603달러), 호주(129,079달러) 순으로 수입되었습니다."
"종이 빨대, 포장재는 우리나라에 어떤 국가에서 수입되었나요?","종이 빨대, 포장재는 중국(32,541,187달러), 일본(5,408,255달러), 미국(2,167,422달러), 독일(1,571,573달러), 인도(1,413,885달러), 베트남(696,084달러), 프랑스(607,185달러), 대만(62,873달러), 태국(43,880달러), 호주(1,885달러) 순으로 수입되었습니다."
천연 고무 라텍스는 우리나라에 어떤 국가에서 수입되었나요?,"천연 고무 라텍스는 태국(21,471,947달러), 베트남(706,070달러), 중국(57,865달러), 미국(27,758달러), 프랑스(1,368달러), 일본(689달러) 순으로 수입되었습니다."
천연 비료는 우리나라에 어떤 국가에서 수입되었나요?,"천연 비료는 중국(1,183,197달러), 일본(1,140,978달러), 인도(124,597달러), 독일(104,141달러), 대만(91,468달러), 미국(79,873달러), 프랑스(58,882달러), 베트남(69달러), 호주(44달러) 순으로 수입되었습니다."
천연 성분 세제는 우리나라에 어떤 국가에서 수입되었나요?,"천연 성분 세제는 중국(27,367,897달러), 미국(27,082,925달러), 일본(15,641,707달러), 독일(15,084,061달러), 대만(2,133,770달러), 태국(1,152,125달러), 프랑스(887,028달러), 베트남(404,170달러), 인도(376,039달러), 호주(245,367달러) 순으로 수입되었습니다."
태양열 집열기는 우리나라에 어떤 국가에서 수입되었나요?,"태양열 집열기는 중국(830,118달러), 독일(382,594달러), 미국(289,811달러), 대만(125,738달러), 베트남(25,891달러), 일본(12,596달러), 프랑스(331달러) 순으로 수입되었습니다."
풍력 터빈용 발전기는 우리나라에 어떤 국가에서 수입되었나요?,"풍력 터빈용 발전기는 중국(53,981,275달러), 독일(48,238,293달러), 미국(998,134달러), 인도(5,450달러), 일본(243달러) 순으로 수입되었습니다."
